class,service,path,package,content_hash
AuditDetails,bail-bond,dristi-services/bail-bond/src/main/java/digit/web/models/AuditDetails.java,digit.web.models,ca62ff3efdf1943b9ba18dbc8de1b738
AuditDetails,case,dristi-services/case/src/main/java/org/pucar/dristi/web/models/AuditDetails.java,org.pucar.dristi.web.models,7a885a01f00aa52f647436ffca82c6da
AuditDetails,casemanagement,dristi-services/casemanagement/src/main/java/org/pucar/dristi/web/models/digitalizeddocument/AuditDetails.java,org.pucar.dristi.web.models.digitalizeddocument,b004368ea2fafd1c3bc41e5be137fafe
AuditDetails,digitalized-documents,dristi-services/digitalized-documents/src/main/java/digit/web/models/AuditDetails.java,digit.web.models,b004368ea2fafd1c3bc41e5be137fafe
AuditDetails,lock-svc,dristi-services/lock-svc/src/main/java/pucar/web/models/AuditDetails.java,pucar.web.models,91dd27a08be5595d5ecea86728d6a48e
AuditDetails,openapi,dristi-services/openapi/src/main/java/org/pucar/dristi/web/models/AuditDetails.java,org.pucar.dristi.web.models,502d5f24e792f95376b156fa19bcf561
AuditDetails,order-management,dristi-services/order-management/src/main/java/pucar/web/models/digitalizeddocument/AuditDetails.java,pucar.web.models.digitalizeddocument,b004368ea2fafd1c3bc41e5be137fafe
AuditDetails,transformer,dristi-services/transformer/src/main/java/org/egov/transformer/models/digitalized_document/AuditDetails.java,org.egov.transformer.models.digitalized_document,a67d7e7a980209b414f9bc5c06ec1346
FileStoreUtil,Notification,dristi-services/Notification/src/main/java/notification/util/FileStoreUtil.java,notification.util,0b5e3f9d545ffcaebdf6252e9ba2aad9
FileStoreUtil,ab-diary,dristi-services/ab-diary/src/main/java/digit/util/FileStoreUtil.java,digit.util,324389d4f9e9fafd6ad1eafb92d97526
FileStoreUtil,application,dristi-services/application/src/main/java/org/pucar/dristi/util/FileStoreUtil.java,org.pucar.dristi.util,afcb88f6ff2902b829eefd3b7674e020
FileStoreUtil,bail-bond,dristi-services/bail-bond/src/main/java/digit/util/FileStoreUtil.java,digit.util,7d254db2a71673ab79d7056f81cb65ef
FileStoreUtil,case,dristi-services/case/src/main/java/org/pucar/dristi/util/FileStoreUtil.java,org.pucar.dristi.util,9484c28b188eda7b10cdf03bb2deed1b
FileStoreUtil,casemanagement,dristi-services/casemanagement/src/main/java/org/pucar/dristi/util/FileStoreUtil.java,org.pucar.dristi.util,91bd04dacc6604ac1fa8782e33041279
FileStoreUtil,ctc,dristi-services/ctc/src/main/java/org/pucar/dristi/util/FileStoreUtil.java,org.pucar.dristi.util,ba88d7c47e5f9f4b86a36d68dac7a7e9
FileStoreUtil,digitalized-documents,dristi-services/digitalized-documents/src/main/java/digit/util/FileStoreUtil.java,digit.util,a92830e7ca3837f8f78af1044d5589b2
FileStoreUtil,e-sign-svc,integration-services/e-sign-svc/src/main/java/org/drishti/esign/util/FileStoreUtil.java,org.drishti.esign.util,5cfe8328116936d424eab227bfa77a9b
FileStoreUtil,evidence,dristi-services/evidence/src/main/java/org/pucar/dristi/util/FileStoreUtil.java,org.pucar.dristi.util,95e59135b6b1f6246a6fdb47092b56b5
FileStoreUtil,hearing,dristi-services/hearing/src/main/java/org/pucar/dristi/util/FileStoreUtil.java,org.pucar.dristi.util,afcb88f6ff2902b829eefd3b7674e020
FileStoreUtil,njdg-transformer,integration-services/njdg-transformer/src/main/java/com/dristi/njdg_transformer/utils/FileStoreUtil.java,com.dristi.njdg_transformer.utils,bf0863e6f0c51c9f12da7fef716110db
FileStoreUtil,openapi,dristi-services/openapi/src/main/java/org/pucar/dristi/util/FileStoreUtil.java,org.pucar.dristi.util,42fd1c8f5ecccef8d10456c5d1f65284
FileStoreUtil,order,dristi-services/order/src/main/java/org/pucar/dristi/util/FileStoreUtil.java,org.pucar.dristi.util,afcb88f6ff2902b829eefd3b7674e020
FileStoreUtil,order-management,dristi-services/order-management/src/main/java/pucar/util/FileStoreUtil.java,pucar.util,eb5c7cd18c0fc968ac4515ebce827f92
FileStoreUtil,scheduler-svc,dristi-services/scheduler-svc/src/main/java/digit/util/FileStoreUtil.java,digit.util,4c6f68094df01b71ea1f88d19f94d942
FileStoreUtil,task,dristi-services/task/src/main/java/org/pucar/dristi/util/FileStoreUtil.java,org.pucar.dristi.util,a92830e7ca3837f8f78af1044d5589b2
IdgenUtil,Notification,dristi-services/Notification/src/main/java/notification/util/IdgenUtil.java,notification.util,b5a728971746b73c10a1b60e293a7096
IdgenUtil,ab-diary,dristi-services/ab-diary/src/main/java/digit/util/IdgenUtil.java,digit.util,aa8a98b0a4a8bc58136601db4623e9f4
IdgenUtil,advocate,dristi-services/advocate/src/main/java/org/pucar/dristi/util/IdgenUtil.java,org.pucar.dristi.util,ed8143d6360928735a5209dc8b01b523
IdgenUtil,advocate-office-management,dristi-services/advocate-office-management/src/main/java/digit/util/IdgenUtil.java,digit.util,aa8a98b0a4a8bc58136601db4623e9f4
IdgenUtil,application,dristi-services/application/src/main/java/org/pucar/dristi/util/IdgenUtil.java,org.pucar.dristi.util,c9f81fd045abb866770edf044c140519
IdgenUtil,bail-bond,dristi-services/bail-bond/src/main/java/digit/util/IdgenUtil.java,digit.util,636a10548b3ee0ee455eeee8338a8790
IdgenUtil,case,dristi-services/case/src/main/java/org/pucar/dristi/util/IdgenUtil.java,org.pucar.dristi.util,5cd98ce86997765ffb09ca47e22a1ceb
IdgenUtil,casemanagement,dristi-services/casemanagement/src/main/java/org/pucar/dristi/util/IdgenUtil.java,org.pucar.dristi.util,aa8a98b0a4a8bc58136601db4623e9f4
IdgenUtil,ctc,dristi-services/ctc/src/main/java/org/pucar/dristi/util/IdgenUtil.java,org.pucar.dristi.util,18fe212c6b3324d13764baff2c1ae0a3
IdgenUtil,digitalized-documents,dristi-services/digitalized-documents/src/main/java/digit/util/IdgenUtil.java,digit.util,636a10548b3ee0ee455eeee8338a8790
IdgenUtil,epost-tracker,dristi-services/epost-tracker/src/main/java/org/pucar/dristi/util/IdgenUtil.java,org.pucar.dristi.util,b32bd4e0d000d616fb704e33e72a31f6
IdgenUtil,evidence,dristi-services/evidence/src/main/java/org/pucar/dristi/util/IdgenUtil.java,org.pucar.dristi.util,ed8143d6360928735a5209dc8b01b523
IdgenUtil,hearing,dristi-services/hearing/src/main/java/org/pucar/dristi/util/IdgenUtil.java,org.pucar.dristi.util,ed8143d6360928735a5209dc8b01b523
IdgenUtil,hearing-management,dristi-services/hearing-management/src/main/java/digit/util/IdgenUtil.java,digit.util,aa8a98b0a4a8bc58136601db4623e9f4
IdgenUtil,icops_integration-kerala,integration-services/icops_integration-kerala/src/main/java/com/egov/icops_integrationkerala/util/IdgenUtil.java,com.egov.icops_integrationkerala.util,a71f39a2f6ca73f1e14221a8e5f0cf37
IdgenUtil,openapi,dristi-services/openapi/src/main/java/org/pucar/dristi/util/IdgenUtil.java,org.pucar.dristi.util,aa8a98b0a4a8bc58136601db4623e9f4
IdgenUtil,order,dristi-services/order/src/main/java/org/pucar/dristi/util/IdgenUtil.java,org.pucar.dristi.util,18fe212c6b3324d13764baff2c1ae0a3
IdgenUtil,sbi-backend,integration-services/sbi-backend/src/main/java/org/egov/sbi/util/IdgenUtil.java,org.egov.sbi.util,7a65c863d5664792e2aea541e2e0d3ee
IdgenUtil,scheduler-svc,dristi-services/scheduler-svc/src/main/java/digit/util/IdgenUtil.java,digit.util,aa8a98b0a4a8bc58136601db4623e9f4
IdgenUtil,summons-svc,integration-services/summons-svc/src/main/java/digit/util/IdgenUtil.java,digit.util,aa8a98b0a4a8bc58136601db4623e9f4
IdgenUtil,task,dristi-services/task/src/main/java/org/pucar/dristi/util/IdgenUtil.java,org.pucar.dristi.util,ed8143d6360928735a5209dc8b01b523
IdgenUtil,task-management,dristi-services/task-management/src/main/java/digit/util/IdgenUtil.java,digit.util,5e8932646e7563c42c7f65dcaf9d5e9f
IdgenUtil,treasury-backend,integration-services/treasury-backend/src/main/java/org/egov/eTreasury/util/IdgenUtil.java,org.egov.eTreasury.util,7a65c863d5664792e2aea541e2e0d3ee
IndividualUtil,advocate,dristi-services/advocate/src/main/java/org/pucar/dristi/util/IndividualUtil.java,org.pucar.dristi.util,3538335c0cc894314c4c676bc47ac6be
IndividualUtil,advocate-office-management,dristi-services/advocate-office-management/src/main/java/digit/util/IndividualUtil.java,digit.util,a47aab3982b802a773619c1c3acff43b
IndividualUtil,analytics,dristi-services/analytics/src/main/java/org/pucar/dristi/util/IndividualUtil.java,org.pucar.dristi.util,b185ee4907a9fa571bb149a729b90115
IndividualUtil,application,dristi-services/application/src/main/java/org/pucar/dristi/util/IndividualUtil.java,org.pucar.dristi.util,325d395b82b36a12d2c84f079d0fd970
IndividualUtil,case,dristi-services/case/src/main/java/org/pucar/dristi/util/IndividualUtil.java,org.pucar.dristi.util,e19bcf66bb015135ad0c3b1340c39b71
IndividualUtil,ctc,dristi-services/ctc/src/main/java/org/pucar/dristi/util/IndividualUtil.java,org.pucar.dristi.util,e19bcf66bb015135ad0c3b1340c39b71
IndividualUtil,evidence,dristi-services/evidence/src/main/java/org/pucar/dristi/util/IndividualUtil.java,org.pucar.dristi.util,325d395b82b36a12d2c84f079d0fd970
IndividualUtil,hearing,dristi-services/hearing/src/main/java/org/pucar/dristi/util/IndividualUtil.java,org.pucar.dristi.util,1d112dfa947cb6dc9fa3beeb778365fe
IndividualUtil,lock-svc,dristi-services/lock-svc/src/main/java/pucar/util/IndividualUtil.java,pucar.util,8eae1eca3de742db53e9455bea30ff60
IndividualUtil,njdg-transformer,integration-services/njdg-transformer/src/main/java/com/dristi/njdg_transformer/utils/IndividualUtil.java,com.dristi.njdg_transformer.utils,25bc8853972b5a2f69617c36414fb676
IndividualUtil,openapi,dristi-services/openapi/src/main/java/org/pucar/dristi/util/IndividualUtil.java,org.pucar.dristi.util,51fa1de0d11eb5b0f4b86fbdac034372
IndividualUtil,order,dristi-services/order/src/main/java/org/pucar/dristi/util/IndividualUtil.java,org.pucar.dristi.util,e19bcf66bb015135ad0c3b1340c39b71
IndividualUtil,order-management,dristi-services/order-management/src/main/java/pucar/util/IndividualUtil.java,pucar.util,79f542e95297d74c45271f2dd1cb76c7
IndividualUtil,scheduler-svc,dristi-services/scheduler-svc/src/main/java/digit/util/IndividualUtil.java,digit.util,1d112dfa947cb6dc9fa3beeb778365fe
IndividualUtil,task,dristi-services/task/src/main/java/org/pucar/dristi/util/IndividualUtil.java,org.pucar.dristi.util,325d395b82b36a12d2c84f079d0fd970
IndividualUtil,treasury-backend,integration-services/treasury-backend/src/main/java/org/egov/eTreasury/util/IndividualUtil.java,org.egov.eTreasury.util,325d395b82b36a12d2c84f079d0fd970
MdmsUtil,ab-diary,dristi-services/ab-diary/src/main/java/digit/util/MdmsUtil.java,digit.util,f52dd36515b7928093494a20a00e5c4e
MdmsUtil,advocate,dristi-services/advocate/src/main/java/org/pucar/dristi/util/MdmsUtil.java,org.pucar.dristi.util,4ebfbaf3aa96b88ea6635d6e951a48aa
MdmsUtil,advocate-office-management,dristi-services/advocate-office-management/src/main/java/digit/util/MdmsUtil.java,digit.util,27c5d0a25113e8a13e111a75290479a3
MdmsUtil,analytics,dristi-services/analytics/src/main/java/org/pucar/dristi/util/MdmsUtil.java,org.pucar.dristi.util,f4c7779a5c465ea45068048c0a90a272
MdmsUtil,application,dristi-services/application/src/main/java/org/pucar/dristi/util/MdmsUtil.java,org.pucar.dristi.util,ea0573d38f875e8ec6ae122d5d4fe1f1
MdmsUtil,bail-bond,dristi-services/bail-bond/src/main/java/digit/util/MdmsUtil.java,digit.util,f52dd36515b7928093494a20a00e5c4e
MdmsUtil,case,dristi-services/case/src/main/java/org/pucar/dristi/util/MdmsUtil.java,org.pucar.dristi.util,34ab2a56756aadf3ddfd2fb649b4f4d4
MdmsUtil,casemanagement,dristi-services/casemanagement/src/main/java/org/pucar/dristi/util/MdmsUtil.java,org.pucar.dristi.util,f52dd36515b7928093494a20a00e5c4e
MdmsUtil,epost-tracker,dristi-services/epost-tracker/src/main/java/org/pucar/dristi/util/MdmsUtil.java,org.pucar.dristi.util,85e16a58893d1f8801dbe6bf45feb627
MdmsUtil,evidence,dristi-services/evidence/src/main/java/org/pucar/dristi/util/MdmsUtil.java,org.pucar.dristi.util,82abfe11086acaedd026d93ccbf9431c
MdmsUtil,hearing,dristi-services/hearing/src/main/java/org/pucar/dristi/util/MdmsUtil.java,org.pucar.dristi.util,473ce489e19073b09c50a2c300148b3c
MdmsUtil,hearing-management,dristi-services/hearing-management/src/main/java/digit/util/MdmsUtil.java,digit.util,7ea2d377f8443e5add8945f48d250517
MdmsUtil,icops_integration-kerala,integration-services/icops_integration-kerala/src/main/java/com/egov/icops_integrationkerala/util/MdmsUtil.java,com.egov.icops_integrationkerala.util,00de40255e5567932b00e0e6dac48bc3
MdmsUtil,inportal-survey,dristi-services/inportal-survey/src/main/java/digit/util/MdmsUtil.java,digit.util,ec11f1de1e1975e85582f0ddbc294120
MdmsUtil,lock-svc,dristi-services/lock-svc/src/main/java/pucar/util/MdmsUtil.java,pucar.util,27c5d0a25113e8a13e111a75290479a3
MdmsUtil,njdg-transformer,integration-services/njdg-transformer/src/main/java/com/dristi/njdg_transformer/utils/MdmsUtil.java,com.dristi.njdg_transformer.utils,44857b23f2d73b75d3c9c7699a6251ea
MdmsUtil,openapi,dristi-services/openapi/src/main/java/org/pucar/dristi/util/MdmsUtil.java,org.pucar.dristi.util,f52dd36515b7928093494a20a00e5c4e
MdmsUtil,order,dristi-services/order/src/main/java/org/pucar/dristi/util/MdmsUtil.java,org.pucar.dristi.util,e9b32ee7a12c9a343e61e7a9061d1c65
MdmsUtil,payment-calculator-svc,dristi-services/payment-calculator-svc/src/main/java/drishti/payment/calculator/util/MdmsUtil.java,drishti.payment.calculator.util,82abfe11086acaedd026d93ccbf9431c
MdmsUtil,scheduler-svc,dristi-services/scheduler-svc/src/main/java/digit/util/MdmsUtil.java,digit.util,27c5d0a25113e8a13e111a75290479a3
MdmsUtil,summons-svc,integration-services/summons-svc/src/main/java/digit/util/MdmsUtil.java,digit.util,27c5d0a25113e8a13e111a75290479a3
MdmsUtil,task,dristi-services/task/src/main/java/org/pucar/dristi/util/MdmsUtil.java,org.pucar.dristi.util,beef339fb305cfabf746b4a4b636b6e5
MdmsUtil,task-management,dristi-services/task-management/src/main/java/digit/util/MdmsUtil.java,digit.util,f52dd36515b7928093494a20a00e5c4e
MdmsUtil,transformer,dristi-services/transformer/src/main/java/org/egov/transformer/util/MdmsUtil.java,org.egov.transformer.util,2b41a160b4e0f771250b29df3680d28e
MdmsUtil,treasury-backend,integration-services/treasury-backend/src/main/java/org/egov/eTreasury/util/MdmsUtil.java,org.egov.eTreasury.util,bec6ae8c5ced922bbdaa25727a43a0bd
Producer,Notification,dristi-services/Notification/src/main/java/notification/kafka/Producer.java,notification.kafka,f48fb5feca7f28a10e75549b6ddeecd2
Producer,ab-diary,dristi-services/ab-diary/src/main/java/digit/kafka/Producer.java,digit.kafka,f48fb5feca7f28a10e75549b6ddeecd2
Producer,advocate,dristi-services/advocate/src/main/java/org/pucar/dristi/kafka/Producer.java,org.pucar.dristi.kafka,f48fb5feca7f28a10e75549b6ddeecd2
Producer,advocate-office-management,dristi-services/advocate-office-management/src/main/java/digit/kafka/Producer.java,digit.kafka,f48fb5feca7f28a10e75549b6ddeecd2
Producer,analytics,dristi-services/analytics/src/main/java/org/pucar/dristi/kafka/Producer.java,org.pucar.dristi.kafka,f48fb5feca7f28a10e75549b6ddeecd2
Producer,application,dristi-services/application/src/main/java/org/pucar/dristi/kafka/Producer.java,org.pucar.dristi.kafka,f48fb5feca7f28a10e75549b6ddeecd2
Producer,bail-bond,dristi-services/bail-bond/src/main/java/digit/kafka/Producer.java,digit.kafka,646979659c4a61289e30e71c931be59c
Producer,case,dristi-services/case/src/main/java/org/pucar/dristi/kafka/Producer.java,org.pucar.dristi.kafka,646979659c4a61289e30e71c931be59c
Producer,casemanagement,dristi-services/casemanagement/src/main/java/org/pucar/dristi/kafka/Producer.java,org.pucar.dristi.kafka,f48fb5feca7f28a10e75549b6ddeecd2
Producer,ctc,dristi-services/ctc/src/main/java/org/pucar/dristi/kafka/Producer.java,org.pucar.dristi.kafka,8ad326370dfeb147fcdef1a95ebe811b
Producer,digitalized-documents,dristi-services/digitalized-documents/src/main/java/digit/kafka/Producer.java,digit.kafka,f48fb5feca7f28a10e75549b6ddeecd2
Producer,e-sign-svc,integration-services/e-sign-svc/src/main/java/org/drishti/esign/kafka/Producer.java,org.drishti.esign.kafka,646979659c4a61289e30e71c931be59c
Producer,epost-tracker,dristi-services/epost-tracker/src/main/java/org/pucar/dristi/kafka/Producer.java,org.pucar.dristi.kafka,f48fb5feca7f28a10e75549b6ddeecd2
Producer,evidence,dristi-services/evidence/src/main/java/org/pucar/dristi/kafka/Producer.java,org.pucar.dristi.kafka,f48fb5feca7f28a10e75549b6ddeecd2
Producer,hearing,dristi-services/hearing/src/main/java/org/pucar/dristi/kafka/Producer.java,org.pucar.dristi.kafka,f48fb5feca7f28a10e75549b6ddeecd2
Producer,hearing-management,dristi-services/hearing-management/src/main/java/digit/kafka/Producer.java,digit.kafka,f48fb5feca7f28a10e75549b6ddeecd2
Producer,icops_integration-kerala,integration-services/icops_integration-kerala/src/main/java/com/egov/icops_integrationkerala/kafka/Producer.java,com.egov.icops_integrationkerala.kafka,f48fb5feca7f28a10e75549b6ddeecd2
Producer,inportal-survey,dristi-services/inportal-survey/src/main/java/digit/kafka/Producer.java,digit.kafka,f48fb5feca7f28a10e75549b6ddeecd2
Producer,kerala-sms,integration-services/kerala-sms/src/main/java/org/egov/web/notification/sms/config/Producer.java,org.egov.web.notification.sms.config,b76defbe280f7fccf91c363a05e292d6
Producer,njdg-transformer,integration-services/njdg-transformer/src/main/java/com/dristi/njdg_transformer/producer/Producer.java,com.dristi.njdg_transformer.producer,a5957d095040f51591c7f7245d04a370
Producer,openapi,dristi-services/openapi/src/main/java/org/pucar/dristi/kafka/Producer.java,org.pucar.dristi.kafka,f48fb5feca7f28a10e75549b6ddeecd2
Producer,order,dristi-services/order/src/main/java/org/pucar/dristi/kafka/Producer.java,org.pucar.dristi.kafka,f48fb5feca7f28a10e75549b6ddeecd2
Producer,order-management,dristi-services/order-management/src/main/java/pucar/kafka/Producer.java,pucar.kafka,f48fb5feca7f28a10e75549b6ddeecd2
Producer,payment-calculator-svc,dristi-services/payment-calculator-svc/src/main/java/drishti/payment/calculator/kafka/Producer.java,drishti.payment.calculator.kafka,f48fb5feca7f28a10e75549b6ddeecd2
Producer,sbi-backend,integration-services/sbi-backend/src/main/java/org/egov/sbi/kafka/Producer.java,org.egov.sbi.kafka,f48fb5feca7f28a10e75549b6ddeecd2
Producer,scheduler-svc,dristi-services/scheduler-svc/src/main/java/digit/kafka/producer/Producer.java,digit.kafka.producer,f48fb5feca7f28a10e75549b6ddeecd2
Producer,summons-svc,integration-services/summons-svc/src/main/java/digit/kafka/Producer.java,digit.kafka,f48fb5feca7f28a10e75549b6ddeecd2
Producer,task,dristi-services/task/src/main/java/org/pucar/dristi/kafka/Producer.java,org.pucar.dristi.kafka,f48fb5feca7f28a10e75549b6ddeecd2
Producer,task-management,dristi-services/task-management/src/main/java/digit/kafka/Producer.java,digit.kafka,f48fb5feca7f28a10e75549b6ddeecd2
Producer,template-configuration,dristi-services/template-configuration/src/main/java/org/pucar/dristi/kafka/Producer.java,org.pucar.dristi.kafka,f48fb5feca7f28a10e75549b6ddeecd2
Producer,treasury-backend,integration-services/treasury-backend/src/main/java/org/egov/eTreasury/kafka/Producer.java,org.egov.eTreasury.kafka,f48fb5feca7f28a10e75549b6ddeecd2
ResponseInfo,esign-interceptor,integration-services/esign-interceptor/src/main/java/com/pucar/drishti/web/models/ResponseInfo.java,com.pucar.drishti.web.models,b32382b7aabe02e3df72325def3ae4cc
ServiceRequestRepository,Notification,dristi-services/Notification/src/main/java/notification/repository/ServiceRequestRepository.java,notification.repository,bbfab7df406ca9157bad352e35892504
ServiceRequestRepository,ab-diary,dristi-services/ab-diary/src/main/java/digit/repository/ServiceRequestRepository.java,digit.repository,35ab90d8c00ce21195b14def915de5b5
ServiceRequestRepository,advocate,dristi-services/advocate/src/main/java/org/pucar/dristi/repository/ServiceRequestRepository.java,org.pucar.dristi.repository,6c1f76a0cb2957d00126f90253596c90
ServiceRequestRepository,advocate-office-management,dristi-services/advocate-office-management/src/main/java/digit/repository/ServiceRequestRepository.java,digit.repository,ab5bcacc4461b529e8612af17e64bd28
ServiceRequestRepository,analytics,dristi-services/analytics/src/main/java/org/pucar/dristi/repository/ServiceRequestRepository.java,org.pucar.dristi.repository,79549fef524074ba15a2dd73c4132e31
ServiceRequestRepository,application,dristi-services/application/src/main/java/org/pucar/dristi/repository/ServiceRequestRepository.java,org.pucar.dristi.repository,35ab90d8c00ce21195b14def915de5b5
ServiceRequestRepository,bail-bond,dristi-services/bail-bond/src/main/java/digit/repository/ServiceRequestRepository.java,digit.repository,fccec6c8c2aa74c38e1cf9917ec3ad20
ServiceRequestRepository,case,dristi-services/case/src/main/java/org/pucar/dristi/repository/ServiceRequestRepository.java,org.pucar.dristi.repository,2736b0c5165c3ed1df9bdf06764e79ff
ServiceRequestRepository,casemanagement,dristi-services/casemanagement/src/main/java/org/pucar/dristi/repository/ServiceRequestRepository.java,org.pucar.dristi.repository,fccec6c8c2aa74c38e1cf9917ec3ad20
ServiceRequestRepository,ctc,dristi-services/ctc/src/main/java/org/pucar/dristi/repository/ServiceRequestRepository.java,org.pucar.dristi.repository,9492dc47471198d07e3d652095f5940f
ServiceRequestRepository,digitalized-documents,dristi-services/digitalized-documents/src/main/java/digit/repository/ServiceRequestRepository.java,digit.repository,44d956bd3996e5c4dca305d493f17cc7
ServiceRequestRepository,e-sign-svc,integration-services/e-sign-svc/src/main/java/org/drishti/esign/repository/ServiceRequestRepository.java,org.drishti.esign.repository,bbfab7df406ca9157bad352e35892504
ServiceRequestRepository,epost-tracker,dristi-services/epost-tracker/src/main/java/org/pucar/dristi/repository/ServiceRequestRepository.java,org.pucar.dristi.repository,e441f077c7a43f06e1e4d3ae8f7a2f9c
ServiceRequestRepository,esign-interceptor,integration-services/esign-interceptor/src/main/java/com/pucar/drishti/repository/ServiceRequestRepository.java,com.pucar.drishti.repository,9cd2e5548cf775b64dbb029872c0585e
ServiceRequestRepository,evidence,dristi-services/evidence/src/main/java/org/pucar/dristi/repository/ServiceRequestRepository.java,org.pucar.dristi.repository,44d956bd3996e5c4dca305d493f17cc7
ServiceRequestRepository,hearing,dristi-services/hearing/src/main/java/org/pucar/dristi/repository/ServiceRequestRepository.java,org.pucar.dristi.repository,35ab90d8c00ce21195b14def915de5b5
ServiceRequestRepository,hearing-management,dristi-services/hearing-management/src/main/java/digit/repository/ServiceRequestRepository.java,digit.repository,35ab90d8c00ce21195b14def915de5b5
ServiceRequestRepository,icops_integration-kerala,integration-services/icops_integration-kerala/src/main/java/com/egov/icops_integrationkerala/repository/ServiceRequestRepository.java,com.egov.icops_integrationkerala.repository,e441f077c7a43f06e1e4d3ae8f7a2f9c
ServiceRequestRepository,inportal-survey,dristi-services/inportal-survey/src/main/java/digit/repository/ServiceRequestRepository.java,digit.repository,35ab90d8c00ce21195b14def915de5b5
ServiceRequestRepository,lock-svc,dristi-services/lock-svc/src/main/java/pucar/repository/ServiceRequestRepository.java,pucar.repository,bbfab7df406ca9157bad352e35892504
ServiceRequestRepository,njdg-transformer,integration-services/njdg-transformer/src/main/java/com/dristi/njdg_transformer/repository/ServiceRequestRepository.java,com.dristi.njdg_transformer.repository,969d7d3a996f4be3fb25056278b36ef9
ServiceRequestRepository,openapi,dristi-services/openapi/src/main/java/org/pucar/dristi/repository/ServiceRequestRepository.java,org.pucar.dristi.repository,84e4f542f6decd33affd404d1ae3af01
ServiceRequestRepository,order,dristi-services/order/src/main/java/org/pucar/dristi/repository/ServiceRequestRepository.java,org.pucar.dristi.repository,35ab90d8c00ce21195b14def915de5b5
ServiceRequestRepository,order-management,dristi-services/order-management/src/main/java/pucar/repository/ServiceRequestRepository.java,pucar.repository,53367f55509d754b0d2ea04445fde0ae
ServiceRequestRepository,payment-calculator-svc,dristi-services/payment-calculator-svc/src/main/java/drishti/payment/calculator/repository/ServiceRequestRepository.java,drishti.payment.calculator.repository,bbfab7df406ca9157bad352e35892504
ServiceRequestRepository,sbi-backend,integration-services/sbi-backend/src/main/java/org/egov/sbi/repository/ServiceRequestRepository.java,org.egov.sbi.repository,e44db92710fd18c7344fe0b9e94eb216
ServiceRequestRepository,scheduler-svc,dristi-services/scheduler-svc/src/main/java/digit/repository/ServiceRequestRepository.java,digit.repository,dcb7b720fed8994d583557edc374eba1
ServiceRequestRepository,summons-svc,integration-services/summons-svc/src/main/java/digit/repository/ServiceRequestRepository.java,digit.repository,35ab90d8c00ce21195b14def915de5b5
ServiceRequestRepository,task,dristi-services/task/src/main/java/org/pucar/dristi/repository/ServiceRequestRepository.java,org.pucar.dristi.repository,fccec6c8c2aa74c38e1cf9917ec3ad20
ServiceRequestRepository,task-management,dristi-services/task-management/src/main/java/digit/repository/ServiceRequestRepository.java,digit.repository,ab5bcacc4461b529e8612af17e64bd28
ServiceRequestRepository,template-configuration,dristi-services/template-configuration/src/main/java/org/pucar/dristi/repository/ServiceRequestRepository.java,org.pucar.dristi.repository,35ab90d8c00ce21195b14def915de5b5
ServiceRequestRepository,transformer,dristi-services/transformer/src/main/java/org/egov/transformer/repository/ServiceRequestRepository.java,org.egov.transformer.repository,969d7d3a996f4be3fb25056278b36ef9
ServiceRequestRepository,treasury-backend,integration-services/treasury-backend/src/main/java/org/egov/eTreasury/repository/ServiceRequestRepository.java,org.egov.eTreasury.repository,e44db92710fd18c7344fe0b9e94eb216
UrlShortenerUtil,ab-diary,dristi-services/ab-diary/src/main/java/digit/util/UrlShortenerUtil.java,digit.util,72e15a49d91552176747efd475085468
UrlShortenerUtil,advocate,dristi-services/advocate/src/main/java/org/pucar/dristi/util/UrlShortenerUtil.java,org.pucar.dristi.util,a80c882b9ce0030c8749a396d068b7f1
UrlShortenerUtil,advocate-office-management,dristi-services/advocate-office-management/src/main/java/digit/util/UrlShortenerUtil.java,digit.util,63b1e57b56f9883ba46a569bf30af83a
UrlShortenerUtil,application,dristi-services/application/src/main/java/org/pucar/dristi/util/UrlShortenerUtil.java,org.pucar.dristi.util,375a1bfec5fc54084a0f0369e7a55735
UrlShortenerUtil,bail-bond,dristi-services/bail-bond/src/main/java/digit/util/UrlShortenerUtil.java,digit.util,6be9b9729747fe6355934a4f4a91ea7b
UrlShortenerUtil,casemanagement,dristi-services/casemanagement/src/main/java/org/pucar/dristi/util/UrlShortenerUtil.java,org.pucar.dristi.util,72e15a49d91552176747efd475085468
UrlShortenerUtil,digitalized-documents,dristi-services/digitalized-documents/src/main/java/digit/util/UrlShortenerUtil.java,digit.util,ea66153e20bffe8f39ae189aa6cb2688
UrlShortenerUtil,evidence,dristi-services/evidence/src/main/java/org/pucar/dristi/util/UrlShortenerUtil.java,org.pucar.dristi.util,68e780c5f7826538035add3bead07910
UrlShortenerUtil,hearing-management,dristi-services/hearing-management/src/main/java/digit/util/UrlShortenerUtil.java,digit.util,72e15a49d91552176747efd475085468
UrlShortenerUtil,openapi,dristi-services/openapi/src/main/java/org/pucar/dristi/util/UrlShortenerUtil.java,org.pucar.dristi.util,72e15a49d91552176747efd475085468
UrlShortenerUtil,order-management,dristi-services/order-management/src/main/java/pucar/util/UrlShortenerUtil.java,pucar.util,ae40266beff168499bee7789deda3c63
UrlShortenerUtil,task-management,dristi-services/task-management/src/main/java/digit/util/UrlShortenerUtil.java,digit.util,72e15a49d91552176747efd475085468
UserUtil,ab-diary,dristi-services/ab-diary/src/main/java/digit/util/UserUtil.java,digit.util,e6cedc0a8737a446762940efa542f115
UserUtil,advocate,dristi-services/advocate/src/main/java/org/pucar/dristi/util/UserUtil.java,org.pucar.dristi.util,f500acefb7ee5488143d32e2ff24ccca
UserUtil,application,dristi-services/application/src/main/java/org/pucar/dristi/util/UserUtil.java,org.pucar.dristi.util,c7d109b0ccfc3a2e732d775e829b3a44
UserUtil,bail-bond,dristi-services/bail-bond/src/main/java/digit/util/UserUtil.java,digit.util,7db4d7dae0db915cc49ce3e3f56f3851
UserUtil,casemanagement,dristi-services/casemanagement/src/main/java/org/pucar/dristi/util/UserUtil.java,org.pucar.dristi.util,c571e81ff73ab6aae2361810d2fc7036
UserUtil,evidence,dristi-services/evidence/src/main/java/org/pucar/dristi/util/UserUtil.java,org.pucar.dristi.util,7181ebef8db7a79e6be396b6312df68f
UserUtil,hearing,dristi-services/hearing/src/main/java/org/pucar/dristi/util/UserUtil.java,org.pucar.dristi.util,7db4d7dae0db915cc49ce3e3f56f3851
UserUtil,openapi,dristi-services/openapi/src/main/java/org/pucar/dristi/util/UserUtil.java,org.pucar.dristi.util,ac29525f26ef70ad1ef65175b61126d7
UserUtil,order-management,dristi-services/order-management/src/main/java/pucar/util/UserUtil.java,pucar.util,66be837ac3433dd55027af49b96c1b3a
UserUtil,task,dristi-services/task/src/main/java/org/pucar/dristi/util/UserUtil.java,org.pucar.dristi.util,7db4d7dae0db915cc49ce3e3f56f3851
UserUtil,task-management,dristi-services/task-management/src/main/java/digit/util/UserUtil.java,digit.util,66be837ac3433dd55027af49b96c1b3a
WorkflowUtil,ab-diary,dristi-services/ab-diary/src/main/java/digit/util/WorkflowUtil.java,digit.util,0859e45e7ae0e6dd8ba8610b536126e4
WorkflowUtil,advocate,dristi-services/advocate/src/main/java/org/pucar/dristi/util/WorkflowUtil.java,org.pucar.dristi.util,f4065894182b29595f3fdb4f643b56b2
WorkflowUtil,advocate-office-management,dristi-services/advocate-office-management/src/main/java/digit/util/WorkflowUtil.java,digit.util,e3d9d01650b227a841672f94e9b5de2d
WorkflowUtil,analytics,dristi-services/analytics/src/main/java/org/pucar/dristi/util/WorkflowUtil.java,org.pucar.dristi.util,db853be7d6f364bfb8b7fdc0cf4b1b93
WorkflowUtil,application,dristi-services/application/src/main/java/org/pucar/dristi/util/WorkflowUtil.java,org.pucar.dristi.util,8ef8d6673c3a9cc5b3cb7d04ef011e3a
WorkflowUtil,bail-bond,dristi-services/bail-bond/src/main/java/digit/util/WorkflowUtil.java,digit.util,0859e45e7ae0e6dd8ba8610b536126e4
WorkflowUtil,case,dristi-services/case/src/main/java/org/pucar/dristi/util/WorkflowUtil.java,org.pucar.dristi.util,f92d0840343cb30814444a9e0c3cfb16
WorkflowUtil,casemanagement,dristi-services/casemanagement/src/main/java/org/pucar/dristi/util/WorkflowUtil.java,org.pucar.dristi.util,fe90cccc5a245c5c8731d83f3747ea15
WorkflowUtil,digitalized-documents,dristi-services/digitalized-documents/src/main/java/digit/util/WorkflowUtil.java,digit.util,e3d9d01650b227a841672f94e9b5de2d
WorkflowUtil,evidence,dristi-services/evidence/src/main/java/org/pucar/dristi/util/WorkflowUtil.java,org.pucar.dristi.util,a605688b1af3a9f1e8af93ebae1a09ab
WorkflowUtil,hearing,dristi-services/hearing/src/main/java/org/pucar/dristi/util/WorkflowUtil.java,org.pucar.dristi.util,ca709cddfbb48695284c23e6b4f37631
WorkflowUtil,hearing-management,dristi-services/hearing-management/src/main/java/digit/util/WorkflowUtil.java,digit.util,0859e45e7ae0e6dd8ba8610b536126e4
WorkflowUtil,openapi,dristi-services/openapi/src/main/java/org/pucar/dristi/util/WorkflowUtil.java,org.pucar.dristi.util,f7f552d506cb232db3addb19a57304c6
WorkflowUtil,order,dristi-services/order/src/main/java/org/pucar/dristi/util/WorkflowUtil.java,org.pucar.dristi.util,fd9963cd141022abbc87af8c9b010b51
WorkflowUtil,scheduler-svc,dristi-services/scheduler-svc/src/main/java/digit/util/WorkflowUtil.java,digit.util,e3d9d01650b227a841672f94e9b5de2d
WorkflowUtil,task,dristi-services/task/src/main/java/org/pucar/dristi/util/WorkflowUtil.java,org.pucar.dristi.util,fcd335e41aec7d30a4582e248e27d1a3
